                  epoch,         train/box_loss,         train/cls_loss,         train/dfl_loss,   metrics/precision(B),      metrics/recall(B),       metrics/mAP50(B),    metrics/mAP50-95(B),           val/box_loss,           val/cls_loss,           val/dfl_loss,                 lr/pg0,                 lr/pg1,                 lr/pg2
                      0,                 1.4675,                 1.4761,                 1.0955,                0.57439,                0.30517,                0.32136,                 0.1739,                 1.4041,                 1.0091,                 1.0244,                0.07013,              0.0033188,              0.0033188
                      1,                 1.4092,                 1.0689,                 1.0485,                0.57035,                0.28894,                0.31701,                0.17002,                 1.3969,                 1.0132,                  1.038,               0.040098,              0.0066192,              0.0066192
                      2,                 1.4524,                 1.0776,                 1.0684,                0.36351,                0.29794,                0.27333,                0.14326,                 1.4993,                 1.1107,                 1.0827,               0.010032,              0.0098867,              0.0098867
                      3,                 1.4813,                 1.1109,                 1.0828,                0.38361,                0.29036,                0.26434,                0.13547,                 1.4915,                 1.1189,                 1.0797,              0.0098515,              0.0098515,              0.0098515
                      4,                 1.4718,                 1.0784,                  1.081,                0.44723,                0.29515,                0.30961,                0.15985,                 1.4836,                 1.0703,                 1.0756,              0.0098515,              0.0098515,              0.0098515
                      5,                 1.4622,                 1.0478,                 1.0755,                0.48177,                0.28959,                0.30137,                0.15534,                 1.4803,                 1.0372,                 1.0784,               0.009802,               0.009802,               0.009802
                      6,                 1.4472,                 1.0361,                 1.0701,                0.38495,                 0.3047,                0.29703,                0.15141,                 1.4923,                 1.0292,                 1.0743,              0.0097525,              0.0097525,              0.0097525
                      7,                 1.4369,                 1.0141,                 1.0623,                 0.4008,                0.32963,                0.31575,                0.16523,                 1.4471,                 1.0036,                 1.0583,               0.009703,               0.009703,               0.009703
                      8,                 1.4408,                 1.0074,                 1.0612,                0.43363,                0.31206,                 0.3183,                0.16679,                 1.4412,                 1.0026,                 1.0536,              0.0096535,              0.0096535,              0.0096535
                      9,                 1.4225,                 0.9993,                 1.0557,                0.52836,                 0.3092,                0.31566,                0.16615,                 1.4336,                0.98176,                 1.0517,               0.009604,               0.009604,               0.009604
                     10,                 1.4268,                 1.0006,                 1.0622,                0.56218,                0.34242,                0.34833,                0.18281,                 1.4233,                0.96405,                 1.0539,              0.0095545,              0.0095545,              0.0095545
                     11,                 1.4014,                0.97158,                 1.0501,                 0.5785,                0.32391,                0.34457,                0.17957,                 1.4431,                0.98108,                 1.0505,               0.009505,               0.009505,               0.009505
                     12,                 1.4018,                0.96152,                 1.0497,                0.58072,                0.34878,                0.35307,                0.18547,                 1.4273,                0.96819,                 1.0458,              0.0094555,              0.0094555,              0.0094555
                     13,                 1.3982,                0.95623,                 1.0453,                0.59151,                0.34664,                0.35973,                0.19305,                 1.4007,                0.93145,                 1.0345,               0.009406,               0.009406,               0.009406
                     14,                 1.3974,                0.95061,                 1.0477,                  0.595,                0.32252,                0.34804,                0.18495,                 1.4154,                0.95007,                 1.0449,              0.0093565,              0.0093565,              0.0093565
                     15,                 1.3897,                0.94932,                  1.042,                0.62303,                0.33618,                 0.3618,                0.18824,                 1.4072,                0.92735,                 1.0364,               0.009307,               0.009307,               0.009307
                     16,                  1.387,                0.94148,                 1.0409,                0.56238,                0.31941,                0.33647,                0.17684,                 1.4311,                0.94794,                  1.039,              0.0092575,              0.0092575,              0.0092575
                     17,                 1.3796,                0.93692,                 1.0393,                0.57061,                0.35649,                0.36661,                0.19587,                 1.4081,                0.93063,                 1.0352,               0.009208,               0.009208,               0.009208
                     18,                 1.3743,                0.92636,                  1.039,                0.60157,                 0.3506,                0.37688,                0.19753,                 1.4128,                0.91526,                  1.032,              0.0091585,              0.0091585,              0.0091585
                     19,                  1.371,                0.91368,                 1.0298,                0.59907,                0.36666,                0.37324,                0.19716,                  1.412,                0.91187,                 1.0284,               0.009109,               0.009109,               0.009109
                     20,                 1.3686,                0.91733,                 1.0336,                0.59195,                0.36837,                0.38156,                 0.2026,                 1.3865,                0.90509,                 1.0286,              0.0090595,              0.0090595,              0.0090595
                     21,                 1.3654,                0.90804,                 1.0313,                0.61414,                0.32025,                 0.3503,                0.18332,                 1.4081,                0.92749,                 1.0324,                0.00901,                0.00901,                0.00901
                     22,                 1.3639,                0.90517,                 1.0288,                0.57793,                0.37626,                0.38976,                0.20705,                 1.3852,                 0.9009,                 1.0227,              0.0089605,              0.0089605,              0.0089605
                     23,                 1.3544,                0.89973,                 1.0307,                0.62961,                0.35291,                0.39085,                0.20733,                  1.389,                0.90058,                 1.0287,               0.008911,               0.008911,               0.008911
                     24,                 1.3493,                0.89287,                 1.0242,                0.62346,                0.35448,                0.38158,                0.20216,                 1.3798,                0.89494,                 1.0214,              0.0088615,              0.0088615,              0.0088615
                     25,                 1.3444,                0.88765,                 1.0216,                0.60549,                0.37035,                0.38579,                0.20758,                 1.3806,                0.89511,                 1.0267,               0.008812,               0.008812,               0.008812
                     26,                 1.3409,                0.88129,                 1.0228,                0.59124,                0.37177,                 0.3896,                0.20466,                  1.382,                0.89303,                 1.0271,              0.0087625,              0.0087625,              0.0087625
                     27,                 1.3388,                 0.8697,                 1.0185,                0.59004,                0.37249,                0.38392,                0.20478,                 1.3721,                  0.889,                 1.0218,               0.008713,               0.008713,               0.008713
                     28,                 1.3477,                0.87505,                 1.0224,                0.59411,                0.37398,                 0.3887,                   0.21,                  1.354,                0.87682,                 1.0176,              0.0086635,              0.0086635,              0.0086635
                     29,                 1.3341,                0.86737,                 1.0169,                0.59295,                0.37301,                0.39453,                0.20967,                   1.36,                  0.886,                 1.0198,               0.008614,               0.008614,               0.008614
                     30,                 1.3336,                0.86926,                  1.024,                0.59354,                0.38265,                0.39779,                0.21314,                 1.3841,                0.88492,                 1.0259,              0.0085645,              0.0085645,              0.0085645
                     31,                 1.3327,                0.86341,                 1.0199,                0.61612,                0.37988,                0.40418,                0.21172,                  1.379,                0.87863,                 1.0188,               0.008515,               0.008515,               0.008515
                     32,                 1.3277,                0.85679,                 1.0189,                0.60665,                0.35832,                 0.3889,                  0.209,                 1.3703,                0.87603,                 1.0238,              0.0084655,              0.0084655,              0.0084655
                     33,                  1.321,                0.85493,                 1.0159,                0.58678,                0.36889,                0.38615,                0.20343,                 1.3835,                0.88748,                 1.0202,               0.008416,               0.008416,               0.008416
                     34,                 1.3185,                0.84987,                 1.0148,                0.64525,                0.34965,                0.39199,                0.20516,                 1.3748,                0.87475,                 1.0211,              0.0083665,              0.0083665,              0.0083665
                     35,                 1.3283,                0.85099,                 1.0126,                0.66135,                0.35907,                0.40349,                0.21424,                 1.3692,                0.86716,                 1.0162,               0.008317,               0.008317,               0.008317
                     36,                 1.3214,                 0.8491,                 1.0108,                0.58945,                0.38625,                0.40755,                0.22027,                  1.372,                0.86145,                 1.0201,              0.0082675,              0.0082675,              0.0082675
                     37,                 1.3136,                0.84419,                 1.0082,                0.61287,                0.38262,                0.40158,                 0.2128,                 1.3773,                0.85775,                 1.0183,               0.008218,               0.008218,               0.008218
                     38,                 1.3136,                0.83987,                 1.0092,                0.64855,                0.34784,                0.39584,                0.21426,                 1.3773,                0.86434,                 1.0219,              0.0081685,              0.0081685,              0.0081685
                     39,                 1.3122,                0.83658,                 1.0112,                0.60339,                0.38015,                0.40258,                0.21255,                 1.3639,                0.86382,                 1.0134,               0.008119,               0.008119,               0.008119
                     40,                 1.3097,                0.83288,                 1.0082,                0.60779,                0.36424,                 0.3923,                0.21104,                 1.3579,                0.86002,                 1.0169,              0.0080695,              0.0080695,              0.0080695
                     41,                 1.3078,                0.83783,                 1.0119,                 0.6453,                0.35947,                0.40498,                0.21719,                 1.3666,                0.85382,                 1.0149,                0.00802,                0.00802,                0.00802
                     42,                 1.3003,                0.83099,                 1.0031,                0.64228,                0.35833,                0.40058,                0.21371,                  1.367,                0.86114,                 1.0176,              0.0079705,              0.0079705,              0.0079705
                     43,                 1.3057,                0.82724,                 1.0069,                0.62033,                0.38655,                0.40721,                 0.2174,                 1.3726,                0.85155,                 1.0185,               0.007921,               0.007921,               0.007921
                     44,                 1.2967,                0.82176,                 1.0004,                0.65627,                0.34431,                0.39454,                0.21371,                  1.366,                0.85529,                 1.0175,              0.0078715,              0.0078715,              0.0078715
                     45,                 1.3031,                0.82545,                 1.0028,                0.63321,                0.38218,                0.40929,                0.21769,                 1.3615,                0.85235,                   1.01,               0.007822,               0.007822,               0.007822
                     46,                 1.3013,                0.82242,                 1.0044,                0.65731,                0.37499,                 0.4162,                0.21728,                  1.362,                0.85148,                 1.0142,              0.0077725,              0.0077725,              0.0077725
                     47,                    1.3,                0.81801,                  1.003,                0.66669,                 0.3722,                0.41066,                0.21895,                  1.358,                0.85233,                 1.0126,               0.007723,               0.007723,               0.007723
                     48,                 1.2955,                0.81604,                 1.0015,                0.64587,                 0.3769,                0.41587,                 0.2202,                 1.3592,                0.84772,                 1.0097,              0.0076735,              0.0076735,              0.0076735
                     49,                 1.2981,                0.81722,                 1.0003,                0.61803,                0.40301,                0.42056,                0.22632,                 1.3538,                0.84121,                 1.0123,               0.007624,               0.007624,               0.007624
                     50,                 1.2995,                0.81472,                 1.0016,                0.64759,                0.37395,                0.41781,                 0.2284,                 1.3582,                0.84153,                 1.0125,              0.0075745,              0.0075745,              0.0075745
                     51,                 1.2922,                0.80896,                 1.0025,                0.59429,                0.40128,                0.41452,                0.22253,                 1.3535,                0.84107,                 1.0097,               0.007525,               0.007525,               0.007525
                     52,                 1.2871,                0.80633,                0.99876,                0.62612,                0.39909,                0.41844,                0.22389,                 1.3502,                0.83751,                 1.0088,              0.0074755,              0.0074755,              0.0074755
                     53,                 1.2847,                0.80342,                 1.0001,                0.66281,                0.37238,                0.42103,                0.22639,                 1.3501,                0.83926,                 1.0057,               0.007426,               0.007426,               0.007426
                     54,                 1.2851,                 0.8031,                0.99858,                0.60039,                0.39866,                0.42251,                0.22933,                 1.3544,                0.83144,                 1.0076,              0.0073765,              0.0073765,              0.0073765
                     55,                 1.2811,                0.79454,                0.99378,                0.63699,                0.39234,                0.41765,                0.22604,                 1.3342,                0.83139,                 1.0048,               0.007327,               0.007327,               0.007327
                     56,                 1.2813,                0.79786,                0.99835,                0.66383,                0.38038,                0.41903,                 0.2245,                 1.3474,                0.84169,                 1.0053,              0.0072775,              0.0072775,              0.0072775
                     57,                 1.2775,                0.79365,                0.99536,                0.60863,                0.39559,                0.41792,                0.22654,                 1.3484,                0.83584,                 1.0052,               0.007228,               0.007228,               0.007228
                     58,                 1.2853,                0.79593,                0.99351,                0.63444,                0.39653,                0.42901,                0.23432,                 1.3454,                0.83252,                 1.0096,              0.0071785,              0.0071785,              0.0071785
                     59,                  1.273,                 0.7881,                0.99321,                0.64644,                0.38832,                0.41608,                 0.2295,                 1.3478,                0.83422,                 1.0084,               0.007129,               0.007129,               0.007129
                     60,                 1.2725,                0.78519,                0.99418,                0.57711,                0.37556,                0.42168,                0.23179,                  1.347,                0.83652,                 1.0085,              0.0070795,              0.0070795,              0.0070795
                     61,                 1.2678,                0.78265,                0.99272,                0.64624,                0.39985,                0.43148,                0.23254,                 1.3478,                0.82879,                  1.006,                0.00703,                0.00703,                0.00703
                     62,                 1.2724,                0.78134,                0.99151,                0.64185,                0.38818,                0.41821,                0.22887,                 1.3475,                 0.8266,                 1.0054,              0.0069805,              0.0069805,              0.0069805
                     63,                 1.2677,                0.77709,                0.99159,                0.63295,                0.39244,                0.41929,                 0.2264,                 1.3504,                0.83012,                 1.0082,               0.006931,               0.006931,               0.006931
                     64,                 1.2658,                0.77898,                0.99234,                0.63409,                0.38775,                0.42375,                0.22659,                 1.3459,                0.82985,                 1.0075,              0.0068815,              0.0068815,              0.0068815
                     65,                 1.2702,                0.78024,                0.99118,                0.62295,                0.41487,                0.43669,                0.22712,                 1.3455,                0.82618,                 1.0047,               0.006832,               0.006832,               0.006832
                     66,                 1.2663,                0.78184,                0.98916,                0.64225,                 0.4017,                0.42626,                0.22719,                 1.3431,                0.82712,                 1.0051,              0.0067825,              0.0067825,              0.0067825
                     67,                 1.2674,                0.77771,                0.98988,                0.65742,                0.39177,                0.42717,                0.23364,                  1.347,                0.82764,                 1.0047,               0.006733,               0.006733,               0.006733
                     68,                 1.2628,                0.77104,                0.98987,                 0.6342,                0.39721,                 0.4247,                0.23107,                 1.3387,                   0.82,                 1.0034,              0.0066835,              0.0066835,              0.0066835
                     69,                 1.2587,                0.76397,                0.98718,                0.67812,                0.37306,                0.42255,                0.22681,                 1.3475,                0.82257,                 1.0062,               0.006634,               0.006634,               0.006634
                     70,                 1.2608,                0.76668,                 0.9874,                0.63633,                0.38851,                0.42268,                0.22775,                 1.3371,                0.82625,                 1.0079,              0.0065845,              0.0065845,              0.0065845
                     71,                 1.2607,                0.76753,                0.98565,                0.63234,                0.39274,                0.42506,                0.23023,                 1.3426,                0.82313,                  1.005,               0.006535,               0.006535,               0.006535
                     72,                 1.2601,                0.76873,                0.98948,                0.66903,                 0.3818,                0.42847,                0.23401,                 1.3479,                0.81734,                 1.0026,              0.0064855,              0.0064855,              0.0064855
                     73,                 1.2415,                0.75521,                0.98283,                0.64594,                0.38003,                0.41434,                0.22443,                 1.3469,                0.82259,                 1.0091,               0.006436,               0.006436,               0.006436
                     74,                 1.2511,                0.75528,                0.98282,                0.63097,                0.38401,                 0.4226,                0.22742,                 1.3437,                0.82096,                 1.0041,              0.0063865,              0.0063865,              0.0063865
                     75,                 1.2476,                0.75718,                0.98205,                0.63787,                0.40529,                0.42838,                0.23095,                 1.3496,                0.81833,                  1.006,               0.006337,               0.006337,               0.006337
                     76,                 1.2538,                0.75993,                0.98532,                0.64388,                0.40108,                0.42757,                0.23271,                 1.3298,                0.80964,                 1.0006,              0.0062875,              0.0062875,              0.0062875
                     77,                 1.2455,                0.75501,                0.98217,                0.64709,                0.40561,                0.43936,                0.23371,                 1.3429,                0.81638,                 1.0055,               0.006238,               0.006238,               0.006238
                     78,                 1.2426,                0.75242,                 0.9835,                0.69429,                0.38028,                0.43177,                0.23001,                 1.3451,                0.81484,                 1.0049,              0.0061885,              0.0061885,              0.0061885
                     79,                  1.247,                0.75096,                0.97832,                0.67437,                0.39483,                0.43765,                0.23428,                 1.3416,                0.81073,                 1.0014,               0.006139,               0.006139,               0.006139
                     80,                 1.2413,                0.74672,                0.98327,                0.64252,                0.39139,                0.43407,                0.23326,                 1.3358,                0.81119,                 1.0001,              0.0060895,              0.0060895,              0.0060895
                     81,                 1.2479,                0.75468,                0.98317,                0.66836,                0.40453,                0.43986,                0.23931,                 1.3353,                 0.8089,                  1.003,                0.00604,                0.00604,                0.00604
                     82,                 1.2378,                0.74397,                 0.9805,                 0.6609,                0.40024,                0.43636,                0.23924,                 1.3357,                0.80757,                 1.0003,              0.0059905,              0.0059905,              0.0059905
                     83,                 1.2312,                0.74015,                0.97471,                0.65301,                0.39779,                0.42967,                0.23164,                  1.334,                0.81225,                 1.0041,               0.005941,               0.005941,               0.005941
                     84,                 1.2406,                0.74084,                0.97792,                0.64508,                0.38959,                 0.4232,                0.22918,                 1.3326,                0.80837,                 1.0007,              0.0058915,              0.0058915,              0.0058915
                     85,                 1.2343,                0.73918,                0.97781,                0.62506,                0.39403,                0.42624,                0.22844,                 1.3426,                0.80833,                  1.001,               0.005842,               0.005842,               0.005842
                     86,                 1.2309,                0.74014,                0.97308,                0.67597,                 0.3977,                0.43209,                0.23776,                  1.337,                0.80678,                 1.0004,              0.0057925,              0.0057925,              0.0057925
                     87,                 1.2294,                  0.732,                0.97525,                 0.6545,                0.40614,                0.43783,                0.23699,                  1.337,                 0.8078,                 1.0016,               0.005743,               0.005743,               0.005743
                     88,                 1.2232,                0.72953,                0.97525,                0.63515,                0.40133,                0.42552,                0.22917,                 1.3402,                0.80923,                 1.0047,              0.0056935,              0.0056935,              0.0056935
                     89,                 1.2288,                0.73588,                0.97495,                0.67026,                0.40036,                0.44009,                0.23849,                 1.3315,                0.80175,                 1.0003,               0.005644,               0.005644,               0.005644
                     90,                 1.2339,                0.73525,                0.97508,                0.64554,                0.40026,                0.43122,                0.23699,                 1.3349,                0.80563,                0.99905,              0.0055945,              0.0055945,              0.0055945
                     91,                 1.2296,                0.73364,                0.97658,                0.54398,                0.40772,                0.43687,                0.23862,                 1.3391,                0.80601,                 1.0021,               0.005545,               0.005545,               0.005545
                     92,                 1.2249,                0.73053,                0.97425,                0.64102,                0.39641,                0.42751,                0.23516,                 1.3337,                 0.8058,                0.99871,              0.0054955,              0.0054955,              0.0054955
                     93,                 1.2191,                 0.7253,                0.97549,                0.65304,                0.39538,                0.42539,                0.23481,                 1.3293,                 0.8041,                0.99744,               0.005446,               0.005446,               0.005446
                     94,                 1.2191,                0.71976,                0.97073,                0.65995,                0.39905,                0.42994,                0.23718,                 1.3305,                0.80098,                0.99754,              0.0053965,              0.0053965,              0.0053965
                     95,                 1.2081,                0.71696,                 0.9693,                0.67279,                0.40515,                0.44834,                0.24177,                 1.3335,                 0.8015,                 1.0027,               0.005347,               0.005347,               0.005347
                     96,                  1.219,                0.72365,                0.96993,                0.65345,                 0.4007,                0.43563,                0.23729,                 1.3355,                0.80614,                 1.0037,              0.0052975,              0.0052975,              0.0052975
                     97,                 1.2134,                 0.7207,                 0.9674,                0.66789,                0.39658,                 0.4351,                0.23566,                 1.3363,                0.80389,                0.99771,               0.005248,               0.005248,               0.005248
                     98,                 1.2143,                0.72101,                0.96954,                0.63898,                0.39956,                0.43148,                0.23712,                 1.3356,                0.80484,                 1.0023,              0.0051985,              0.0051985,              0.0051985
                     99,                 1.2077,                0.71527,                0.96736,                0.62693,                0.42375,                0.43571,                 0.2378,                 1.3348,                0.80277,                  1.003,               0.005149,               0.005149,               0.005149
                    100,                 1.2139,                0.71887,                0.97027,                0.64872,                0.39615,                0.43237,                0.23714,                 1.3359,                0.80194,                0.99998,              0.0050995,              0.0050995,              0.0050995
                    101,                 1.2151,                0.71762,                0.97111,                0.65071,                0.40266,                0.43349,                0.23711,                 1.3304,                0.80511,                0.99979,                0.00505,                0.00505,                0.00505
                    102,                 1.2079,                0.71424,                0.96707,                0.67964,                0.39215,                0.43463,                 0.2389,                 1.3344,                0.80092,                      1,              0.0050005,              0.0050005,              0.0050005
                    103,                 1.2096,                0.70874,                0.96441,                0.66299,                0.40573,                0.43809,                0.24019,                 1.3333,                0.80116,                0.99934,               0.004951,               0.004951,               0.004951
                    104,                 1.2024,                0.71007,                0.96859,                0.64675,                0.40937,                0.43338,                0.23712,                 1.3294,                0.79991,                 0.9993,              0.0049015,              0.0049015,              0.0049015
                    105,                  1.202,                0.70687,                0.96783,                0.67746,                0.40152,                0.44193,                0.23803,                 1.3331,                0.80124,                0.99917,               0.004852,               0.004852,               0.004852
                    106,                 1.2053,                0.71053,                0.96895,                0.67962,                0.39414,                 0.4375,                 0.2386,                  1.334,                 0.7994,                0.99983,              0.0048025,              0.0048025,              0.0048025
                    107,                 1.2072,                0.70831,                0.96908,                0.67491,                 0.4057,                0.44213,                0.23914,                 1.3311,                 0.8039,                 1.0012,               0.004753,               0.004753,               0.004753
                    108,                 1.1993,                0.70468,                0.96637,                0.67681,                0.40646,                0.44711,                0.24107,                 1.3311,                0.79515,                0.99972,              0.0047035,              0.0047035,              0.0047035
                    109,                 1.1931,                0.70076,                0.96351,                0.66594,                0.41291,                0.44449,                0.23901,                   1.33,                0.79395,                0.99903,               0.004654,               0.004654,               0.004654
                    110,                 1.1865,                0.69119,                0.96155,                0.68212,                0.40981,                0.44994,                0.24343,                 1.3333,                 0.7969,                 1.0008,              0.0046045,              0.0046045,              0.0046045
                    111,                  1.189,                 0.6934,                0.96096,                0.65907,                0.40792,                0.44295,                0.24004,                 1.3354,                0.79466,                0.99872,               0.004555,               0.004555,               0.004555
                    112,                 1.1964,                0.69609,                0.96268,                0.67211,                0.39531,                0.43747,                0.23794,                 1.3375,                0.79936,                 1.0004,              0.0045055,              0.0045055,              0.0045055
                    113,                 1.1841,                0.68806,                0.96168,                0.67806,                0.40712,                0.44695,                0.24254,                 1.3331,                0.79672,                 1.0019,               0.004456,               0.004456,               0.004456
                    114,                 1.1818,                0.68588,                 0.9577,                0.66943,                0.41386,                0.44719,                0.24015,                 1.3358,                0.79498,                 1.0008,              0.0044065,              0.0044065,              0.0044065
                    115,                 1.1915,                0.68816,                0.95889,                0.68074,                0.40466,                0.45025,                 0.2401,                 1.3359,                0.79566,                  1.001,               0.004357,               0.004357,               0.004357
                    116,                 1.1782,                0.68477,                0.95906,                0.58461,                0.39381,                0.44539,                0.24086,                 1.3339,                0.79514,                0.99985,              0.0043075,              0.0043075,              0.0043075
                    117,                 1.1854,                0.68925,                0.95894,                0.65688,                 0.3949,                0.43623,                0.23424,                 1.3315,                0.79555,                0.99933,               0.004258,               0.004258,               0.004258
                    118,                 1.1837,                0.68556,                0.95904,                 0.6564,                0.40234,                0.44219,                0.23599,                 1.3342,                0.79618,                0.99986,              0.0042085,              0.0042085,              0.0042085
                    119,                 1.1786,                0.68304,                0.95773,                0.65363,                0.40653,                0.43606,                0.23573,                 1.3316,                0.79607,                 1.0013,               0.004159,               0.004159,               0.004159
                    120,                 1.1781,                0.68382,                0.95802,                0.63245,                0.41815,                0.43801,                 0.2381,                 1.3316,                0.79505,                0.99959,              0.0041095,              0.0041095,              0.0041095
                    121,                 1.1797,                0.68118,                0.95709,                0.65272,                0.41003,                0.44314,                0.24058,                 1.3316,                0.79335,                 1.0011,                0.00406,                0.00406,                0.00406
                    122,                 1.1686,                0.67938,                 0.9541,                 0.6489,                0.41091,                0.44207,                 0.2394,                 1.3329,                0.79433,                 1.0021,              0.0040105,              0.0040105,              0.0040105
                    123,                 1.1711,                0.67619,                0.95443,                0.66674,                0.40357,                 0.4467,                0.24151,                 1.3361,                0.79424,                 1.0012,               0.003961,               0.003961,               0.003961
                    124,                 1.1721,                0.67926,                 0.9561,                0.66574,                0.41733,                0.45046,                0.24372,                 1.3354,                0.79642,                 1.0012,              0.0039115,              0.0039115,              0.0039115
                    125,                 1.1658,                0.67489,                0.95477,                0.65807,                0.40947,                0.44409,                0.24355,                 1.3368,                0.79498,                 1.0026,               0.003862,               0.003862,               0.003862
                    126,                 1.1572,                0.66899,                0.95519,                0.63404,                0.41784,                0.44047,                0.23956,                 1.3354,                0.79602,                 1.0025,              0.0038125,              0.0038125,              0.0038125
                    127,                 1.1613,                0.66634,                 0.9507,                0.63883,                0.39955,                0.43439,                0.23439,                  1.339,                0.79625,                  1.003,               0.003763,               0.003763,               0.003763
                    128,                 1.1717,                0.67171,                0.95412,                0.64668,                0.40381,                0.43372,                0.23312,                 1.3408,                0.79772,                 1.0041,              0.0037135,              0.0037135,              0.0037135
                    129,                 1.1651,                0.67102,                0.95486,                0.66508,                 0.4032,                0.44253,                 0.2383,                 1.3397,                0.79662,                 1.0019,               0.003664,               0.003664,               0.003664
                    130,                 1.1622,                 0.6677,                 0.9534,                0.67214,                0.40329,                0.44611,                0.24118,                  1.339,                0.79474,                  1.002,              0.0036145,              0.0036145,              0.0036145
                    131,                   1.15,                0.65965,                0.94924,                0.64786,                0.42103,                0.44768,                0.24191,                 1.3399,                 0.7948,                 1.0029,               0.003565,               0.003565,               0.003565
                    132,                 1.1564,                0.66471,                0.95078,                0.66525,                0.42098,                0.44935,                0.24145,                 1.3367,                0.79286,                0.99953,              0.0035155,              0.0035155,              0.0035155
                    133,                  1.158,                0.66177,                0.95105,                0.66907,                0.41719,                0.44559,                0.24155,                 1.3357,                0.79351,                 0.9993,               0.003466,               0.003466,               0.003466
                    134,                 1.1616,                 0.6646,                0.95091,                0.69301,                0.39832,                0.44887,                0.24339,                 1.3372,                0.79361,                0.99947,              0.0034165,              0.0034165,              0.0034165
                    135,                  1.148,                0.65818,                0.94823,                0.64725,                0.41518,                0.44444,                0.24001,                 1.3374,                0.79175,                 1.0002,               0.003367,               0.003367,               0.003367
                    136,                 1.1448,                0.65408,                0.94596,                0.67991,                0.39945,                0.44703,                0.23825,                 1.3386,                0.79354,                  1.001,              0.0033175,              0.0033175,              0.0033175
                    137,                 1.1436,                0.65318,                0.94463,                0.67679,                 0.4052,                0.44677,                0.23817,                 1.3416,                0.79579,                 1.0031,               0.003268,               0.003268,               0.003268
                    138,                 1.1464,                0.65502,                0.94826,                0.63216,                0.42724,                0.44742,                0.23987,                 1.3396,                 0.7964,                 1.0031,              0.0032185,              0.0032185,              0.0032185
                    139,                 1.1482,                0.65378,                0.94649,                0.67802,                0.40278,                0.44509,                0.23939,                 1.3431,                0.79539,                 1.0031,               0.003169,               0.003169,               0.003169
                    140,                 1.1385,                0.65112,                0.94574,                0.64067,                0.42258,                0.44458,                0.24063,                 1.3387,                0.79306,                  1.002,              0.0031195,              0.0031195,              0.0031195
                    141,                 1.1348,                0.64561,                0.94039,                0.66534,                0.41132,                0.44547,                 0.2415,                 1.3367,                0.79259,                 1.0013,                0.00307,                0.00307,                0.00307
                    142,                 1.1352,                0.64747,                0.94397,                0.68836,                0.40409,                0.44404,                0.23996,                  1.338,                0.79374,                 1.0025,              0.0030205,              0.0030205,              0.0030205
                    143,                 1.1315,                0.64136,                0.94218,                0.68798,                0.40076,                0.44332,                0.23893,                 1.3398,                0.79353,                 1.0019,               0.002971,               0.002971,               0.002971
                    144,                 1.1303,                0.64583,                0.94387,                0.67296,                0.40978,                0.44062,                0.23747,                 1.3385,                0.79387,                  1.003,              0.0029215,              0.0029215,              0.0029215
                    145,                 1.1288,                0.64349,                0.94252,                0.66688,                0.40709,                0.44288,                0.23947,                 1.3388,                0.79422,                 1.0035,               0.002872,               0.002872,               0.002872
                    146,                 1.1351,                0.64321,                0.94409,                0.64366,                0.41646,                0.44197,                0.23787,                 1.3389,                0.79439,                 1.0027,              0.0028225,              0.0028225,              0.0028225
                    147,                 1.1212,                0.63855,                0.93931,                0.67504,                0.40039,                0.43879,                 0.2361,                 1.3395,                0.79326,                 1.0018,               0.002773,               0.002773,               0.002773
                    148,                 1.1304,                0.64146,                0.94231,                0.65124,                0.41626,                0.43483,                0.23655,                 1.3398,                0.79235,                 1.0017,              0.0027235,              0.0027235,              0.0027235
                    149,                 1.1255,                0.63825,                0.94192,                 0.6355,                0.42156,                0.44306,                0.23808,                 1.3418,                0.79269,                 1.0031,               0.002674,               0.002674,               0.002674
                    150,                 1.1216,                0.63403,                0.94048,                0.68668,                0.39371,                0.43782,                 0.2353,                   1.34,                0.79386,                 1.0021,              0.0026245,              0.0026245,              0.0026245
                    151,                 1.1203,                0.63673,                0.93948,                 0.6891,                0.39915,                0.43971,                0.23544,                 1.3395,                0.79147,                 1.0024,               0.002575,               0.002575,               0.002575
                    152,                  1.114,                0.62987,                0.93802,                0.68034,                0.40234,                0.43817,                0.23559,                 1.3403,                0.79189,                 1.0024,              0.0025255,              0.0025255,              0.0025255
                    153,                 1.1177,                0.62937,                0.93739,                0.66903,                0.40707,                 0.4401,                0.23692,                 1.3415,                0.79363,                 1.0025,               0.002476,               0.002476,               0.002476
                    154,                 1.1144,                0.62859,                0.93766,                0.67083,                0.40863,                0.44261,                0.23723,                 1.3421,                0.79365,                 1.0031,              0.0024265,              0.0024265,              0.0024265
                    155,                 1.1199,                0.63176,                0.93944,                0.71561,                 0.3947,                0.44839,                0.23894,                 1.3412,                  0.793,                 1.0027,               0.002377,               0.002377,               0.002377
                    156,                 1.1116,                0.62739,                0.93756,                0.70297,                0.38868,                0.44395,                0.23701,                 1.3425,                0.79294,                 1.0032,              0.0023275,              0.0023275,              0.0023275
                    157,                 1.1095,                0.62667,                0.93529,                0.66657,                 0.4119,                 0.4435,                0.23725,                 1.3443,                0.79402,                 1.0038,               0.002278,               0.002278,               0.002278
                    158,                  1.105,                 0.6204,                0.93298,                0.66509,                0.40497,                0.43996,                0.23567,                 1.3438,                0.79375,                 1.0044,              0.0022285,              0.0022285,              0.0022285
                    159,                  1.105,                0.62351,                0.93551,                0.69361,                0.39673,                0.44266,                0.23716,                 1.3432,                0.79426,                 1.0045,               0.002179,               0.002179,               0.002179
                    160,                 1.1048,                0.62226,                0.93456,                0.66462,                0.40831,                0.44014,                0.23849,                 1.3426,                0.79669,                 1.0048,              0.0021295,              0.0021295,              0.0021295
                    161,                  1.106,                0.62153,                0.93541,                0.68288,                0.40095,                0.44013,                0.23937,                 1.3432,                 0.7972,                 1.0056,                0.00208,                0.00208,                0.00208
                    162,                 1.0996,                0.61698,                0.93242,                0.57186,                0.40797,                0.44181,                0.23824,                 1.3436,                0.79758,                 1.0061,              0.0020305,              0.0020305,              0.0020305
                    163,                 1.0946,                0.61283,                0.93034,                0.54759,                0.40785,                0.44023,                0.23853,                 1.3433,                0.79798,                 1.0056,               0.001981,               0.001981,               0.001981
                    164,                 1.0935,                  0.611,                0.93061,                 0.5614,                0.40941,                0.44084,                0.23683,                 1.3443,                0.79764,                 1.0063,              0.0019315,              0.0019315,              0.0019315
                    165,                 1.0943,                0.61181,                0.92943,                0.67998,                0.39091,                0.43442,                0.23557,                 1.3471,                0.79816,                 1.0067,               0.001882,               0.001882,               0.001882
                    166,                 1.0993,                0.61589,                0.93287,                0.56025,                0.40259,                0.43734,                0.23516,                 1.3473,                0.79697,                 1.0061,              0.0018325,              0.0018325,              0.0018325
                    167,                 1.0939,                0.60995,                0.93168,                0.54693,                0.41908,                0.43741,                0.23513,                 1.3465,                0.79677,                 1.0054,               0.001783,               0.001783,               0.001783
                    168,                 1.0898,                0.60828,                0.92876,                0.55194,                0.40981,                0.43631,                0.23505,                 1.3477,                0.79779,                 1.0061,              0.0017335,              0.0017335,              0.0017335
                    169,                 1.0897,                 0.6091,                0.93002,                0.57345,                0.40012,                0.43757,                0.23574,                 1.3468,                0.79871,                 1.0068,               0.001684,               0.001684,               0.001684
                    170,                 1.0877,                0.60828,                0.92839,                0.58012,                0.39959,                0.43884,                0.23585,                 1.3491,                 0.8001,                 1.0066,              0.0016345,              0.0016345,              0.0016345
                    171,                 1.0851,                0.60251,                 0.9245,                0.68147,                0.40279,                0.43898,                0.23592,                 1.3487,                 0.8001,                 1.0061,               0.001585,               0.001585,               0.001585
                    172,                 1.0829,                 0.6031,                0.92671,                0.56636,                0.40237,                0.43751,                0.23416,                 1.3504,                0.80024,                 1.0064,              0.0015355,              0.0015355,              0.0015355
                    173,                 1.0768,                0.59767,                0.92466,                0.66795,                0.40215,                0.43811,                0.23395,                 1.3509,                0.80024,                 1.0065,               0.001486,               0.001486,               0.001486
                    174,                 1.0826,                 0.6033,                0.92757,                0.66616,                0.40521,                0.43812,                 0.2345,                 1.3503,                0.79862,                 1.0057,              0.0014365,              0.0014365,              0.0014365
